Changes made at Sat Aug  9 05:58:18 UTC 2025
Changes made at Thu Nov 20 13:38:02 UTC 2025
Changes made at Thu Nov 20 14:23:10 UTC 2025
Changes made at Thu Nov 20 16:29:51 UTC 2025
Changes made at Fri Nov 21 08:31:32 UTC 2025
Changes made at Fri Nov 21 10:23:46 UTC 2025
Changes made at Fri Nov 21 14:21:28 UTC 2025
Changes made at Fri Nov 21 16:27:45 UTC 2025
Changes made at Sat Nov 22 08:27:23 UTC 2025
Changes made at Sat Nov 22 10:21:13 UTC 2025
Changes made at Sat Nov 22 14:18:34 UTC 2025
Changes made at Sat Nov 22 16:25:43 UTC 2025
Changes made at Sun Nov 23 08:27:34 UTC 2025
Changes made at Sun Nov 23 10:21:16 UTC 2025
Changes made at Sun Nov 23 14:18:32 UTC 2025
Changes made at Sun Nov 23 16:25:46 UTC 2025
